"timestamp","message","geoname","lat","long","category","geom","data_source","data_source_link","translation_ru","translation_en","translation_he","wikilat","wikilong","wikigeom","news_id"
"2026-03-01 16:25:36","דיווחי זוועה מבתי הכלא באיראן: משמרות המהפכה החלו בהוצאת אלפי אסירים פוליטיים ומתנגדי משטר ושינועם כשהם כבולים למתחמים אסטרטגיים, סמלי שלטון ומפקדות רשמיות ברחבי המדינה,על מנת ליצור ""מגנים אנושיים"" באתרי מטרה של צה""ל וצבא ארה""ב כדי להאשים את המערב בפגיעה באזרחים במקרה של תקיפה.  https://t.me/yediotnews25","Iran","32","53","security","0101000020E61000000000000000804A400000000000004040","חדשות 100שטח","https://t.me/yediotnews25/118670","Ужасные сообщения из тюрем в Иране: Корпус стражей исламской революции начал вывозить тысячи политических заключенных и противников режима и перевозить их, скованных, в стратегические комплексы, символы правительства и официальные штабы по всей стране, чтобы создать «живой щит» на целевых объектах ЦАХАЛа и армии США, чтобы обвинить Запад в нанесении вреда гражданским лицам в случае нападения.","Horror reports from prisons in Iran: The Islamic Revolutionary Guard Corps has begun removing thousands of political prisoners and opponents of the regime and transporting them, bound, to strategic complexes, government symbols and official headquarters throughout the country, in order to create a ""human shield"" at the target sites of the IDF and the US Army in order to accuse the West of harming civilians in the event of an attack.","דיווחים מזעזעים מבתי הכלא באיראן: משמרות המהפכה החלו בהוצאת אלפי אסירים פוליטיים ומתנגדי משטר ושינועם כשהם כבולים למתחמים אסטרטגיים, סמלי שלטון ומפקדות רשמיות ברחבי המדינה, על מנת ליצור ""מגנים אנושיים"" באתרי מטרה של צה""ל וצבא ארה""ב","0","0","0101000020E610000000000000000000000000000000000000",33249
"2026-03-01 16:25:27","דיווח איראני: יחידות חמושות של ארגון אופוזיציה המתנגד למשטר תקפו רכב סיור של משמרות המהפכה בעיר בורוג'רד, הציתו אותו וירו על כוחות הביטחון של המשטר.  https://t.me/yediotnews25","Borujerd","33.8901","48.7559","security","0101000020E6100000F085C954C1604840B515FBCBEEF14040","חדשות 100שטח","https://t.me/yediotnews25/118668","Иранское сообщение: Вооруженные подразделения оппозиционной организации, выступающей против режима, напали на патрульную машину Корпуса стражей исламской революции в городе Боруджерд, подожгли ее и открыли огонь по силам безопасности режима.","Iranian report: Armed units of an opposition organization against the regime attacked a patrol vehicle of the Islamic Revolutionary Guard Corps in the city of Borujerd, set it on fire, and shot at the regime's security forces.","דיווח איראני: יחידות חמושות של ארגון אופוזיציה המתנגד למשטר תקפו רכב סיור של משמרות המהפכה בעיר בורוג'רד, הציתו אותו וירו על כוחות הביטחון של המשטר.","0","0","0101000020E610000000000000000000000000000000000000",33248
"2026-03-01 16:25:19","Медицинский центр Ихилов:  В больнице Ихилов была констатирована смерть 102-летнего мужчины, который упал и получил травмы по пути в защищённое помещение.  Благословенна его память! 🕯 ","Ichilov","32.0792","34.7947","accident","0101000020E6100000CB10C7BAB8654140EEEBC039230A4040","ИнтеллиНьюз - Израиль и Ближний Восток. Все о безопасности","https://t.me/intellinews_russian/174669","Медицинский центр Ихилов: В больнице Ихилов была констатирована смерть 102-летнего мужчины, который упал и получил травмы по пути в защищённое помещение. Благословенна его память! 🕯","Ichilov Medical Center: A 102-year-old man who fell and was injured on the way to a protected area was pronounced dead at Ichilov Hospital. May his memory be blessed! 🕯","מרכז רפואי איכילוב: בבית החולים איכילוב נקבע מותו של גבר בן 102 שנפל ונפצע בדרכו למרחב מוגן. זכרונו לברכה! 🕯","0","0","0101000020E610000000000000000000000000000000000000",33247
"2026-03-01 16:25:13","Иран возобновил атаку по американским целям в Бахрейне.  #интеллиньюз 💻","Bahrain","26.0275","50.5500","security","0101000020E61000006666666666464940D7A3703D0A073A40","ИнтеллиНьюз - Израиль и Ближний Восток. Все о безопасности","https://t.me/intellinews_russian/174667","Иран возобновил атаку по американским целям в Бахрейне.","Iran has resumed its attack on American targets in Bahrain.","איראן חידשה את התקפה על מטרות אמריקאיות בבחריין.","0","0","0101000020E610000000000000000000000000000000000000",33246
"2026-03-01 16:25:09","נמל דובאי השרוף","Dubai","25.2048","55.2708","accident","0101000020E6100000DFE00B93A9A24B408638D6C56D343940","🔞 חדשות ישראל | ללא צנזורה חדשות ישראל","https://t.me/News_il_h/96952","Сгоревший порт Дубая","Burnt Dubai Port","נמל דובאי השרוף","0","0","0101000020E610000000000000000000000000000000000000",33245
"2026-03-01 16:10:33","הרוג נוסף: בבית החולים איכילוב נאלצו לקבוע את מותו של גבר בן 102 שנפל ונפצע בדרכו למרחב המוגן.  https://t.me/yediotnews25","Tel Aviv","32.0735","34.7816","accident","0101000020E6100000DC4603780B644140C520B07268094040","חדשות 100שטח","https://t.me/yediotnews25/118667","Еще одна жертва: в больнице Ихилов были вынуждены констатировать смерть 102-летнего мужчины, который упал и был ранен по дороге в убежище.","Another victim: Ichilov Hospital was forced to pronounce the death of a 102-year-old man who fell and was injured on his way to the shelter.","עוד הרוג: בבית החולים איכילוב נאלצו לקבוע את מותו של גבר בן 102 שנפל ונפצע בדרכו למרחב המוגן.","0","0","0101000020E610000000000000000000000000000000000000",33244
"2026-03-01 16:10:26","14 בני אדם עדיין נעדרים מתחת להריסות בבית שמש  https://t.me/yediotnews25","Bet Shemesh","31.7445","34.9888","accident","0101000020E6100000742497FF907E41403BDF4F8D97BE3F40","חדשות 100שטח","https://t.me/yediotnews25/118664","14 человек все еще числятся пропавшими без вести под завалами в Бейт-Шемеше","14 people are still missing under the rubble in Beit Shemesh","14 בני אדם עדיין נעדרים מתחת להריסות בבית שמש","0","0","0101000020E610000000000000000000000000000000000000",33243
"2026-03-01 15:55:24","באיראן מדווחים על תקיפות בעיר הנמל בנדר עבאס  https://t.me/yediotnews25","Bandar Abbas","27.1865","56.2822","security","0101000020E610000032772D211F244C4039B4C876BE2F3B40","חדשות 100שטח","https://t.me/yediotnews25/118652","В Иране сообщают о нападениях в портовом городе Бендер-Аббас","In Iran, attacks are reported in the port city of Bandar Abbas","באיראן מדווחים על תקיפות בעיר הנמל בנדר עבאס","0","0","0101000020E610000000000000000000000000000000000000",33242
"2026-03-01 15:55:16","Ганем Ибрагим:  Сообщение на CCN: Бин Салман дал разрешение саудовской армии отвечать на иранские атаки.  #интеллиньюз 💻","Ghanem Ibrahim","24.7136","46.6753","politics","0101000020E6100000917EFB3A70564740F46C567DAEB63840","ИнтеллиНьюз - Израиль и Ближний Восток. Все о безопасности","https://t.me/intellinews_russian/174662","Ганем Ибрагим: Сообщение на CCN: Бин Салман дал разрешение саудовской армии отвечать на иранские атаки. #интеллиньюз 💻","Ghanem Ibrahim: Report on CCN: Bin Salman gave permission to the Saudi army to respond to Iranian attacks. #intelnews 💻","גאנם איברהים: דיווח ב-CCN: בן סלמן נתן אישור לצבא הסעודי להגיב להתקפות איראניות. #אינטליניוז 💻","0","0","0101000020E610000000000000000000000000000000000000",33241
"2026-03-01 15:55:10","Видео с места прямого попадания иранской ракеты в Бейт Шемеше. (кредит: Пожарные и Спасатели)  #интеллиньюз","Beit Shemesh","31.7459","34.9865","security","0101000020E610000083C0CAA1457E41401E166A4DF3BE3F40","ИнтеллиНьюз - Израиль и Ближний Восток. Все о безопасности","https://t.me/intellinews_russian/174661","Видео с места прямого попадания иранской ракеты в Бейт Шемеше","Video from the scene of a direct hit by an Iranian rocket in Beit Shemesh","תיעוד מזירת פגיעה ישירה של רקטה איראנית בבית שמש","0","0","0101000020E610000000000000000000000000000000000000",33240
"2026-03-01 15:40:21","""היה פיצוץ ועפנו, הבית נחרב לגמרי"": עדויות מזירת האסון בבית שמש, שבו נרצחו 9 מפגיעה ישירה  https://t.me/yediotnews25","בית שמש","31.7463","34.9876","security","0101000020E6100000CAC342AD697E41403B014D840DBF3F40","חדשות 100שטח","https://t.me/yediotnews25/118648","""Был взрыв, и нас отбросило, дом полностью разрушен"": свидетельства с места катастрофы в Бейт-Шемеше, где 9 человек погибли в результате прямого попадания","“There was an explosion and we were thrown, the house was completely destroyed”: testimonies from the scene of the disaster in Beit Shemesh, where 9 people were killed by a direct hit","”היה פיצוץ ועפנו, הבית נחרב לגמרי”: עדויות מזירת האסון בבית שמש, שבו נרצחו 9 מפגיעה ישירה","0","0","0101000020E610000000000000000000000000000000000000",33239
"2026-03-01 15:40:16","תקיפה בעיר זנג'אן בצפון-מערב איראן  https://t.me/yediotnews25","Zanjan","36.6767","48.4942","security","0101000020E610000073D712F2413F4840029A081B9E564240","חדשות 100שטח","https://t.me/yediotnews25/118647","Атака в городе Зенджан, северо-западный Иран","Attack in Zanjan city, northwestern Iran","תקיפה בעיר זנג'אן בצפון-מערב איראן","0","0","0101000020E610000000000000000000000000000000000000",33238
"2026-03-01 15:40:10","Массированные атаки в Тегеране.  Приятного просмотра.  #интеллиньюз 💻","Tehran","35.6892","51.3890","security","0101000020E61000006F1283C0CAB149409C33A2B437D84140","ИнтеллиНьюз - Израиль и Ближний Восток. Все о безопасности","https://t.me/intellinews_russian/174659","Массированные атаки в Тегеране","Massive attacks in Tehran","מתקפות מסיביות בטהרן","0","0","0101000020E610000000000000000000000000000000000000",33237
"2026-03-01 15:25:34","איזנקוט בתל אביב: אי אפשר להפיל את המשטר האיראני רק בתקיפות מהאוויר  https://t.me/yediotnews25","Tel Aviv","32.0853","34.7818","politics","0101000020E6100000A301BC0512644140A52C431CEB0A4040","חדשות 100שטח","https://t.me/yediotnews25/118645","Айзенкот в Тель-Авиве: Невозможно свергнуть иранский режим только воздушными ударами","Eisenkot in Tel Aviv: It is impossible to overthrow the Iranian regime only with airstrikes","איזנקוט בתל אביב: אי אפשר להפיל את המשטר האיראני רק בתקיפות מהאוויר","0","0","0101000020E610000000000000000000000000000000000000",33236
"2026-03-01 15:25:17","ВВС также атакуют цели в городах Шираз и Кум, Иран.  #интеллиньюз 💻","Shiraz","29.6104","52.5317","security","0101000020E610000040A4DFBE0E444A40787AA52C439C3D40","ИнтеллиНьюз - Израиль и Ближний Восток. Все о безопасности","https://t.me/intellinews_russian/174657","ВВС также атакуют цели в городах Шираз и Кум, Иран.","Air Force also attacks targets in the cities of Shiraz and Qom, Iran.","חיל האוויר תוקף גם מטרות בערים שיראז וקום, איראן.","0","0","0101000020E610000000000000000000000000000000000000",33235
"2026-03-01 15:25:10","Амит Сегаль:  Двое израильтян получили легкие ранения в результате попадания осколков дрона-камикадзе в Абу Даби.  #интеллиньюз","Abu Dhabi","24.4539","54.3773","security","0101000020E6100000F163CC5D4B304B4087A757CA32743840","ИнтеллиНьюз - Израиль и Ближний Восток. Все о безопасности","https://t.me/intellinews_russian/174656","Амит Сегаль: Двое израильтян получили легкие ранения в результате попадания осколков дрона-камикадзе в Абу Даби. #интеллиньюз","Amit Segal: Two Israelis were lightly injured by shrapnel from a suicide drone in Abu Dhabi. #intelnews","עמית סגל: שני ישראלים נפצעו קל מרסיסים של מזל""ט מתאבד באבו דאבי. #אינטליניוז","0","0","0101000020E610000000000000000000000000000000000000",33234
"2026-03-01 15:11:28","דיווח כי נתניהו ביטל את הביקור בזירה הקשה בבית שמש  https://t.me/yediotnews25","Bet Shemesh","31.7457","34.9862","politics","0101000020E610000058A835CD3B7E414090A0F831E6BE3F40","חדשות 100שטח","https://t.me/yediotnews25/118641","Сообщается, что Нетаньяху отменил визит на место тяжелой аварии в Бейт-Шемеше","Reportedly, Netanyahu canceled the visit to the scene of the serious accident in Beit Shemesh","דווח כי נתניהו ביטל את הביקור בזירה הקשה בבית שמש","0","0","0101000020E610000000000000000000000000000000000000",33233
"2026-03-01 15:11:23","פיצוצים מרהיבים ברחבי טהראן:  https://t.me/yediotnews25","Tehran","35.6892","51.3890","security","0101000020E61000006F1283C0CAB149409C33A2B437D84140","חדשות 100שטח","https://t.me/yediotnews25/118639","Взрывы в Тегеране","Explosions in Tehran","פיצוצים בטהראן","0","0","0101000020E610000000000000000000000000000000000000",33232
"2026-03-01 15:11:18","זה היה מהיר... עשן שחור בשמי טהראן  https://t.me/yediotnews25","Tehran","35.6892","51.3890","general","0101000020E61000006F1283C0CAB149409C33A2B437D84140","חדשות 100שטח","https://t.me/yediotnews25/118638","Черный дым в небе Тегерана","Black smoke in the sky of Tehran","עשן שחור בשמי טהראן","0","0","0101000020E610000000000000000000000000000000000000",33231
"2026-03-01 15:11:09","פינוי וחילוץ הגופות ממשיך בזירת הנפילה בבית שמש מדובר בזירה מורכבת וקשה מאוד.   מתנדבי זק״א מפנים את הנרצחים למכון לרפואה משפטית .  https://t.me/yediotnews25","Beit Shemesh","31.7453","34.9862","accident","0101000020E610000058A835CD3B7E414074B515FBCBBE3F40","חדשות 100שטח","https://t.me/yediotnews25/118637","Эвакуация и извлечение тел продолжается на месте крушения в Бейт-Шемеше. Это очень сложная и трудная сцена. Добровольцы ЗАКА эвакуируют убитых в Институт судебной медицины.","Evacuation and extraction of bodies continues at the crash site in Beit Shemesh. This is a very complex and difficult scene. ZAKA volunteers are evacuating the murdered to the Institute of Forensic Medicine.","פינוי וחילוץ הגופות ממשיך בזירת הנפילה בבית שמש. מדובר בזירה מורכבת וקשה מאוד. מתנדבי זק״א מפנים את הנרצחים למכון לרפואה משפטית.","0","0","0101000020E610000000000000000000000000000000000000",33230
"2026-03-01 15:11:02","צה""ל בגל תקיפות נוסף בלב טהראן  חיל האוויר החל כעת בגל תקיפות נוסף בלב טהרן.  בהצלחה, עם שלם מאחוריכם 🇮🇱 ","Tehran","35.6892","51.3890","security","0101000020E61000006F1283C0CAB149409C33A2B437D84140","חדשות 100שטח","https://t.me/yediotnews25/118636","Армия обороны Израиля в новой волне атак в самом центре Тегерана. Военно-воздушные силы начали новую волну атак в самом центре Тегерана. Удачи, с вами целая нация 🇮🇱","The IDF in another wave of attacks in the heart of Tehran. The Air Force has now begun another wave of attacks in the heart of Tehran. Good luck, a whole nation is behind you 🇮🇱","צה""ל בגל תקיפות נוסף בלב טהראן. חיל האוויר החל כעת בגל תקיפות נוסף בלב טהראן. בהצלחה, עם שלם מאחוריכם 🇮🇱","0","0","0101000020E610000000000000000000000000000000000000",33229
"2026-03-01 15:10:46","Видео атаки ЦАХАЛа в Тегеране.  #интеллиньюз 💻","Tehran","35.6892","51.3890","security","0101000020E61000006F1283C0CAB149409C33A2B437D84140","ИнтеллиНьюз - Израиль и Ближний Восток. Все о безопасности","https://t.me/intellinews_russian/174653","Видео атаки ЦАХАЛа в Тегеране","Video of IDF attack in Tehran","סרטון של תקיפת צה""ל בטהרן","0","0","0101000020E610000000000000000000000000000000000000",33228
"2026-03-01 15:10:38","Пресс-служба ЦАХАЛа:  ЦАХАЛ уничтожил генеральный штаб сил внутренней безопасности иранского террористического режима.  Десятки истребителей ВВС ЦАХАЛа завершили очередную волну атак в небе над Тегераном.  ","Tehran","35.6892","51.3890","security","0101000020E61000006F1283C0CAB149409C33A2B437D84140","ИнтеллиНьюз - Израиль и Ближний Восток. Все о безопасности","https://t.me/intellinews_russian/174650","Пресс-служба ЦАХАЛа: ЦАХАЛ уничтожил генеральный штаб сил внутренней безопасности иранского террористического режима. Десятки истребителей ВВС ЦАХАЛа завершили очередную волну атак в небе над Тегераном.","IDF Spokesperson: The IDF destroyed the general headquarters of the Iranian terror regime's internal security forces. Dozens of IDF Air Force fighter jets have completed another wave of attacks in the skies over Tehran.","דובר צה""ל: צה""ל השמיד את המטה הכללי של כוחות הביטחון הפנימיים של משטר הטרור האיראני. עשרות מטוסי קרב של חיל האוויר של צה""ל סיימו גל תקיפות נוסף בשמי טهران.","0","0","0101000020E610000000000000000000000000000000000000",33227
"2026-03-01 15:10:26","Обновление Командования тыла - Выход из укрытия  (01/03/2026 17:03)  Можно выйти, оставаясь рядом с укрытием в районах: Долина Бейт Шеана, Ха-Мифрац, Менаше, Вади Ара, Ха-Кармель, Ха-Амаким, Верхняя Галилея, Центральная Галилея, Линия противостояния, Северный Голан, Южный Голан, Нижняя Галилея Полный список населенных пунктов  Цофар - Цева Адом","Beit She'an Valley","32.5097","35.5014","security","0101000020E6100000711B0DE02DC04140B7627FD93D414040","ИнтеллиНьюз - Израиль и Ближний Восток. Все о безопасности","https://t.me/intellinews_russian/174649","Обновление Командования тыла - Выход из укрытия (01/03/2026 17:03) Можно выйти, оставаясь рядом с укрытием в районах: Долина Бейт Шеана, Ха-Мифрац, Менаше, Вади Ара, Ха-Кармель, Ха-Амаким, Верхняя Галилея, Центральная Галилея, Линия противостояния, Северный Голан, Южный Голан, Нижняя Галилея Полный список населенных пунктов Цофар - Цева Адом","Home Front Command Update - Leaving Shelter (01/03/2026 17:03) It is permissible to leave while staying near the shelter in the following areas: Beit She'an Valley, Ha-Mifratz, Menashe, Wadi Ara, Ha-Carmel, Ha-Amakim, Upper Galilee, Central Galilee, Confrontation Line, Northern Golan, Southern Golan, Lower Galilee. Full list of settlements Tsofar - Tzeva Adom","עדכון פיקוד העורף - יציאה ממקלט (01/03/2026 17:03) ניתן לצאת תוך הישארות ליד המק","0","0","0101000020E610000000000000000000000000000000000000",33226
"2026-03-01 15:10:18","Пресс-служба ЦАХАЛа:  ЦАХАЛ начал новую волну атак в самом центре Тегерана.  Военно-воздушные силы только что начали новую волну атак в самом центре Тегерана. ","Tehran","35.6892","51.3890","security","0101000020E61000006F1283C0CAB149409C33A2B437D84140","ИнтеллиНьюз - Израиль и Ближний Восток. Все о безопасности","https://t.me/intellinews_russian/174645","Пресс-служба ЦАХАЛа: ЦАХАЛ начал новую волну атак в самом центре Тегерана. Военно-воздушные силы только что начали новую волну атак в самом центре Тегерана.","IDF Spokesperson: IDF has begun a new wave of attacks in the heart of Tehran. The Air Force has just begun a new wave of attacks in the heart of Tehran.","דובר צה""ל: צה""ל החל גל תקיפות חדש בלב טהרן. חיל האוויר החל זה עתה גל תקיפות חדש בלב טהרן.","0","0","0101000020E610000000000000000000000000000000000000",33225
"2026-03-01 15:11:02.090798","דובר צה""ל:  צה""ל החל בגל תקיפות נוסף בלב טהראן  ראשוני: חיל האוויר החל כעת בגל תקיפות נוסף בלב טהראן. ","Tehran","35.6892","51.3890","security","0101000020E61000006F1283C0CAB149409C33A2B437D84140","🔞 חדשות ישראל | ללא צנזורה חדשות ישראל, חדשות ישראל בטלגרם","https://t.me/News_il_h/96939","Пресс-секретарь ЦАХАЛа: ЦАХАЛ начал новую волну атак в самом центре Тегерана. Предварительно: ВВС начали новую волну атак в самом центре Тегерана.","IDF Spokesperson: The IDF has begun another wave of attacks in the heart of Tehran. Initial reports: The Air Force has now begun another wave of attacks in the heart of Tehran.","דובר צה""ל: צה""ל החל בגל תקיפות נוסף בלב טהראן ראשוני: חיל האוויר החל כעת בגל תקיפות נוסף בלב טהראן.","0","0","0101000020E610000000000000000000000000000000000000",33224
"2026-03-01 14:56:36","אזעקות באזורים נרחבים בצפון הארץ","North of Israel","33.0000","35.5000","security","0101000020E61000000000000000C041400000000000804040","חדשות 100שטח","https://t.me/yediotnews25/118628","Сирены в широких районах на севере страны","Sirens in wide areas in the north of the country","אזעקות באזורים נרחבים בצפון הארץ","0","0","0101000020E610000000000000000000000000000000000000",33223
"2026-03-01 14:56:23","צה״ל: הותקפו המטה הכללי של ביטחון הפנים ומפקדת ""ת'אראללה"" בטהראן  עשרות מטוסי קרב של חיל האוויר השלימו גל תקיפות נוסף בטהראן, שבמסגרתו הותקפו עשרות מפקדות ומטות של המשטר האיראני. בין היעדים שהותקפו: המטה הכללי של כוחות ביטחון הפנים, המשמש כמרכז פיקוד ושליטה, וכן מפקדת ""ת'אראללה"" האחראית על הגנת הבירה. https://t.me/yediotnews25","Tehran","35.6892","51.3890","security","0101000020E61000006F1283C0CAB149409C33A2B437D84140","חדשות 100שטח","https://t.me/yediotnews25/118623","ЦАХАЛ: Атакованы генеральный штаб внутренней безопасности и штаб-квартира ""Таарала"" в Тегеране. Десятки истребителей ВВС завершили еще одну волну атак в Тегеране, в ходе которой были атакованы десятки штабов и штабов иранского режима. Среди атакованных целей: генеральный штаб сил внутренней безопасности, служащий центром командования и управления, а также штаб-квартира ""Таарала"", отвечающая за защиту столицы.","IDF: The General Staff of Internal Security and the ""Tarallah"" Headquarters in Tehran were attacked. Dozens of Air Force fighter jets have completed another wave of attacks in Tehran, in which dozens of headquarters and headquarters of the Iranian regime were attacked. Among the targets attacked: the General Staff of the Internal Security Forces, which serves as a command and control center, as well as the ""Tarallah"" headquarters responsible for the defense of the capital.","צה""ל: הותקפו המטה הכללי של ביטחון הפנים ומפקדת ""ת'אראללה"" בטהראן. עשרות מטוסי קרב של חיל האוויר השלימו גל תקיפות נוסף בטהראן, שבמסגרתו הותקפו עשר","0","0","0101000020E610000000000000000000000000000000000000",33222
"2026-03-01 14:56:16","הזירה הקשה בבית שמש : 3 שעות לאחר הנפילה ועדיין משימת החילוץ והפינוי בעיצומה וכנראה גם צפויה להמשך עוד מספר שעות.  https://t.me/yediotnews25","בית שמש","31.7460","34.9874","accident","0101000020E610000003098A1F637E4140E5D022DBF9BE3F40","חדשות 100שטח","https://t.me/yediotnews25/118622","Тяжелая сцена в Бейт-Шемеше: Через 3 часа после падения спасательная операция все еще продолжается и, вероятно, продлится еще несколько часов.","The difficult scene in Beit Shemesh: 3 hours after the fall, the rescue and evacuation mission is still ongoing and is likely to continue for several more hours.","הזירה הקשה בבית שמש : 3 שעות לאחר הנפילה ועדיין משימת החילוץ והפינוי בעיצומה וכנראה גם צפויה להמשך עוד מספר שעות.","0","0","0101000020E610000000000000000000000000000000000000",33221
"2026-03-01 14:56:11","ראש הממשלה נתניהו בדרכו לזירת הנפילה בבית שמש  https://t.me/yediotnews25","Beit Shemesh","31.7448","34.9881","politics","0101000020E6100000BC96900F7A7E4140910F7A36ABBE3F40","חדשות 100שטח","https://t.me/yediotnews25/118621","Премьер-министр Нетаньяху направляется к месту крушения в Бейт-Шемеше","Prime Minister Netanyahu is on his way to the crash site in Beit Shemesh","ראש הממשלה נתניהו בדרכו לזירת הנפילה בבית שמש","0","0","0101000020E610000000000000000000000000000000000000",33220
"2026-03-01 14:55:53","Центральное командование Вооружённых сил США (CENTCOM):  Иранский корвет класса «Джамаран» был атакован силами США в начале операции «Эпическая ярость».  Корабль в настоящее время тонет и опускается на дно Оманского залива у причала порта Чах-Бехар. Как заявил президент, военнослужащие вооружённых сил Ирана, Корпуса Стражей Исламской Революции и полиции «обязаны сложить оружие».","Chah Bahar","25.2907","60.6430","security","0101000020E6100000FCA9F1D24D524E407CF2B0506B4A3940","ИнтеллиНьюз - Израиль и Ближний Восток. Все о безопасности","https://t.me/intellinews_russian/174643","Центральное командование Вооружённых сил США (CENTCOM): Иранский корвет класса «Джамаран» был атакован силами США в начале операции «Эпическая ярость». Корабль в настоящее время тонет и опускается на дно Оманского залива у причала порта Чах-Бехар. Как заявил президент, военнослужащие вооружённых сил Ирана, Корпуса Стражей Исламской Революции и полиции «обязаны сложить оружие».","U.S. Central Command (CENTCOM): The Iranian Jamaran-class corvette was attacked by U.S. forces at the start of Operation Epic Fury. The ship is currently sinking and going to the bottom of the Gulf of Oman off the dock of the port of Chabahar. As the president stated, the military personnel of the Iranian armed forces, the Islamic Revolutionary Guard Corps and the police are ""obliged to lay down their arms.""","פיקוד מרכז של צבא ארה""ב (CENTCOM): קורבטת ג'מארן האיראנית הותקפה על ידי כוחות ארה""ב בתחילת מבצע זעם אפוס. הספינה שוקעת כעת ויורדת לתחתית מפרץ עומאן מול","0","0","0101000020E610000000000000000000000000000000000000",33219
"2026-03-01 14:55:26","🔴 Цева Адом (01/03/2026):  16:47: • Ха-Амаким: Промзона Алон ха-Тавор, Ахузат Барак, Иксаль, Бальфурия, Гиват Эла, Гват, Генигар, Доврат, Дахи, Тамра (Гильбоа), Яфиа, Ифат, Кфар Гидон, Кфар ха-Хореш, Кфар Кана, Мигдаль ха-Эмек, Мизра, Мерхавия Мошав, Мерхавия Киббуц, Машхад, Наура, Нахалаль, Ноф Хагалиль, Нин, Нацерет, Сулам, Илут, Эйн Махель, Афула, Райне, Рамат Давид, Рамат Цви, Сарид, Тель Адашим, Тимрат, Илания, Бейт Кешет, Гидона, Газит, Ган Нер, Дабурия, ха-Йогев, Изреэль, Поселения Омен, Поселения Яэль, Кадури, Кфар Барух, Кфар Ихезкиель, Кафр Мейср, Кфар Киш, Кфар Тавор, Маген Шауль, Мерказ Хевер, Гильбоа Ски Резорт, Нурит, Сандала, Эйн Дор, Эйн Харод, Тель Йосеф, Квуцат Гева, Рам Он, Шадмот Двора, Шибли Ум Эль-Джаннам, Железнодорожная Станция Кфар Барух, Промзона Мевуот ха-Гильбоа, Ораним, Алоней Аба, Алоним, Бейт Лехем ха-Глилит, Бейт Шеарим, Хошайя, ха-Солелим, Зарзир, Хаджаджаре, Кфар Иешуа, Кфар Тиква, Маншия Забда, Ципори, Кирьят-Тивон - Бейт-Зайд, Рамат Ишай, Сдэ Яаков, Шимшит, Мукейбле, Промзона Ципорит, Станция Кфра Йешуа (Минута) • Долина Бейт Шеана: Бейт ха-Шита, Бейт Йосеф, Гешер, Тайбе (Гильбоа), Ярдена, Моледет, Неве Ор, Сдэ Нахум, Менахемия (Минута) • Южный Голан: Хамад Гадер, Ашдот Яаков, Хаон, Мево Хама, Масада, Мааган, Цемах, Шаар ха-Голан, Тель Кацир (15 секунд, Минута, 30 секунд)","Afula","32.6019","35.2931","security","0101000020E6100000933A014D84A5414030BB270F0B4D4040","ИнтеллиНьюз - Израиль и Ближний Восток. Все о безопасности","https://t.me/intellinews_russian/174641","Цева Адом в Афуле и окрестностях","Tzeva Adom in Afula and surroundings","צבע אדום בעפולה וסביבתה","0","0","0101000020E610000000000000000000000000000000000000",33218
"2026-03-01 14:40:45","שגרירות הפיליפינים עדכנה כי המטפלת הסיעודית שנהרגה אמש מפגיעת הטיל האיראני בתל אביב היא אזרחית הפיליפינים, מרי אן דה ורה, בת 32  https://t.me/yediotnews25","Tel Aviv","32.0853","34.7818","security","0101000020E6100000A301BC0512644140A52C431CEB0A4040","חדשות 100שטח","https://t.me/yediotnews25/118619","Посольство Филиппин сообщило, что медсестра, погибшая вчера вечером от иранской ракеты в Тель-Авиве, является гражданкой Филиппин, Мэри Энн де Вера, 32 года.","The Philippine Embassy updated that the caregiver who was killed last night by an Iranian missile in Tel Aviv is a Philippine citizen, Mary Ann de Vera, 32 years old.","שגרירות הפיליפינים עדכנה כי המטפלת הסיעודית שנהרגה אמש מפגיעת הטיל האיראני בתל אביב היא אזרחית הפיליפינים, מרי אן דה ורה, בת 32","0","0","0101000020E610000000000000000000000000000000000000",33217
"2026-03-01 14:40:39","התקיפות באיראן נמשכות  תיעוד מתקיפת בסיס הבסיג' בטהראן  https://t.me/yediotnews25","Tehran","35.6892","51.3890","security","0101000020E61000006F1283C0CAB149409C33A2B437D84140","חדשות 100שטח","https://t.me/yediotnews25/118617","Атаки в Иране продолжаются. Документация нападения на базу Басидж в Тегеране","Attacks in Iran continue. Documentation of the attack on the Basij base in Tehran","התקיפות באיראן נמשכות. תיעוד מתקיפת בסיס הבסיג' בטהראן","0","0","0101000020E610000000000000000000000000000000000000",33216
"2026-03-01 14:40:31","Попадание иранского БПЛА в жилой дом в Дубае.  #интеллиньюз 💻","Dubai","25.2667","55.3167","security","0101000020E6100000545227A089A84B40DCD7817346443940","ИнтеллиНьюз - Израиль и Ближний Восток. Все о безопасности","https://t.me/intellinews_russian/174620","Попадание иранского БПЛА в жилой дом в Дубае","An Iranian drone hit a residential building in Dubai","פגיעת כטב""ם איראני בבניין מגורים בדובאי","0","0","0101000020E610000000000000000000000000000000000000",33215
"2026-03-01 14:40:12","סנטקום: הטבענו ספינה איראנית.   ‏״קורבטה איראנית מסדרת ג'מארן הותקפה על ידי כוחות אמריקאים במהלך תחילת מבצע ""זעם אפי"". הספינה שוקעת כעת לקרקעית מפרץ עומאן ברציף צ'אה בחאר. כפי שאמר הנשיא, אנשי הכוחות המזוינים של איראן, משמרות המהפכה והמשטרה ""חייבים להניח את כלי הנשק שלהם"". נטוש את הספינה ״.  ❗️⚠️ ללא צנזורה חדשות ישראל: https://t.me/News_il_h","Oman Gulf","24","57","security","0101000020E61000000000000000804C400000000000003840","🔞 חדשות ישראל | ללא צנזורה חדשות ישראל","https://t.me/News_il_h/96924","СЕНТКОМ: Мы потопили иранский корабль. «Иранский корвет класса «Джамаран» был атакован американскими силами в начале операции «Эпический гнев». Сейчас корабль тонет на дне Оманского залива у пирса Чах-Бахар. Как сказал президент, личный состав Вооруженных сил Ирана, Корпуса стражей исламской революции и полиции «должен сложить оружие». Покиньте корабль».","CENTCOM: We sank an Iranian ship. ""An Iranian Jamaran-class corvette was attacked by American forces at the start of Operation Epic Wrath. The ship is now sinking to the bottom of the Gulf of Oman at the Chabahar pier. As the president said, the personnel of the Iranian Armed Forces, the Islamic Revolutionary Guard Corps and the police ""must lay down their weapons."" Abandon ship.""","סנטקום: הטבענו ספינה איראנית. ‏״קורבטה איראנית מסדרת ג'מארן הותקפה על ידי כוחות אמריקאים במהלך תחילת מבצע ""זעם אפי"". הספינה שוקעת כעת לקרקעית מפרץ עומאן ברציף צ'אה בחאר. כפי שאמר הנשיא, אנשי הכוחות המזוי","0","0","0101000020E610000000000000000000000000000000000000",33214
"2026-03-01 14:25:27","Предупреждение для населения:  Попытка мошеннической рассылки от имени Командования тыла.  Национальное киберуправление Израиля предупреждает о распространении SMS-сообщений, маскирующихся под уведомления Командования тыла под названием «Oref Alert».  ","Tel Aviv","32.0853","34.7818","security","0101000020E6100000A301BC0512644140A52C431CEB0A4040","ИнтеллиНьюз - Израиль и Ближний Восток. Все о безопасности","https://t.me/intellinews_russian/174619","Предупреждение для населения: Попытка мошеннической рассылки от имени Командования тыла. Национальное киберуправление Израиля предупреждает о распространении SMS-сообщений, маскирующихся под уведомления Командования тыла под названием «Oref Alert».","Public warning: Attempted fraudulent distribution on behalf of the Home Front Command. The National Cyber ​​Directorate of Israel warns of the spread of SMS messages masquerading as notifications from the Home Front Command under the name ""Oref Alert"".","אזהרה לציבור: ניסיון הפצה הונאה מטעם פיקוד העורף. מערך הסייבר הלאומי של ישראל מזהיר מפני הפצת הודעות SMS המתחזות להודעות של פיקוד העורף בשם ""Oref Alert"".","0","0","0101000020E610000000000000000000000000000000000000",33213
"2026-03-01 14:25:18","Иранская атака в порту Абу-Даби. В Тегеране утверждают, что атаковали базу французского флота.   #интеллиньюз 💻","Abu Dhabi","24.4539","54.3773","security","0101000020E6100000F163CC5D4B304B4087A757CA32743840","ИнтеллиНьюз - Израиль и Ближний Восток. Все о безопасности","https://t.me/intellinews_russian/174617","Иранская атака в порту Абу-Даби. В Тегеране утверждают, что атаковали базу французского флота.","Iranian attack in the port of Abu Dhabi. Tehran claims to have attacked a French naval base.","תקיפה איראנית בנמל אבו דאבי. טהראן טוענת שתקפה בסיס של הצי הצרפתי.","0","0","0101000020E610000000000000000000000000000000000000",33212
"2026-03-01 14:11:04","︎ חילוץ הגופות נמשך כעת בזירת האסון בבית שמש  https://t.me/yediotnews25","בית שמש","31.7453","34.9883","accident","0101000020E61000008351499D807E414074B515FBCBBE3F40","חדשות 100שטח","https://t.me/yediotnews25/118609","Извлечение тел продолжается на месте катастрофы в Бейт-Шемеше","The extraction of bodies is currently continuing at the disaster scene in Beit Shemesh","חילוץ הגופות נמשך כעת בזירת האסון בבית שמש","0","0","0101000020E610000000000000000000000000000000000000",33211
"2026-03-01 14:10:57","לאחר התקיפות: פטריות עשן ענקיות בטהראן  https://t.me/yediotnews25","Tehran","35.6892","51.3890","security","0101000020E61000006F1283C0CAB149409C33A2B437D84140","חדשות 100שטח","https://t.me/yediotnews25/118604","После атак: огромные грибовидные облака дыма в Тегеране","After the attacks: huge mushroom clouds of smoke in Tehran","לאחר התקיפות: פטריות עשן ענקיות בטהראן","0","0","0101000020E610000000000000000000000000000000000000",33210
"2026-03-01 14:10:49","הנפילה בבית שמש: מניין הפצועים בבית החולים שערי צדק עלה ל-15 ובהם ילד בן 4 במצב קשה-בינוני  https://t.me/yediotnews25","Beit Shemesh","31.7465","34.9879","accident","0101000020E6100000F5DBD781737E4140C976BE9F1ABF3F40","חדשות 100שטח","https://t.me/yediotnews25/118603","Падение в Бейт-Шемеше: число раненых в больнице Шаарей Цедек возросло до 15, в том числе 4-летний ребенок в тяжелом состоянии","Fall in Beit Shemesh: The number of injured at Shaare Zedek Hospital has risen to 15, including a 4-year-old child in serious condition","הנפילה בבית שמש: מניין הפצועים בבית החולים שערי צדק עלה ל-15 ובהם ילד בן 4 במצב קשה-בינוני","0","0","0101000020E610000000000000000000000000000000000000",33209
"2026-03-01 14:10:36","הודעה משותפת לדוברות המשטרה, דוברות השב״כ ודובר צה״ל:  בצל מבצע ״שאגת הארי״: כוחות הבטחון עצרו הלילה שישה חשודים בהכוונת השב״כ, שתכננו לבצע פיגוע בטווח הזמן המיידי  הלילה, פעלו לוחמי יחידת מתיל״ן של מג״ב איו״ש, לוחמי יחידת דובדבן ולוחמי יחידת הגדעונים 33 מלהב, בהכוונת השב״כ, למעצר שישה חשודים אשר על פי החשד תכננו לבצע פיגוע בטווח הזמן המיידי. ","West Bank","31.9500","35.2000","security","0101000020E61000009A999999999941403333333333F33F40","חדשות ישראל בטלגרם","https://t.me/c/2335255539/39264","Совместное заявление пресс-службы полиции, пресс-службы ШАБАК и пресс-службы ЦАХАЛ: В тени операции «Рев льва»: силы безопасности арестовали сегодня ночью шесть подозреваемых под руководством ШАБАК, которые планировали совершить теракт в ближайшее время. Сегодня ночью бойцы подразделения Матилан пограничной полиции Иудеи и Самарии, бойцы подразделения Дувдеван и бойцы подразделения Гедеоним 33 из Лахава, под руководством ШАБАК, действовали для ареста шести подозреваемых, которые, как подозревается, планировали совершить теракт в ближайшее время.","Joint statement by the police spokesman, the Shin Bet spokesman and the IDF spokesman: In the shadow of Operation ""Lion's Roar"": The security forces arrested tonight six suspects under the direction of the Shin Bet, who planned to carry out an attack in the immediate future. Tonight, fighters of the Matilan unit of the Judea and Samaria Border Police, fighters of the Duvdevan unit and fighters of the Gedeonim 33 unit of Lahav, under the direction of the Shin Bet, acted to arrest six suspects who are suspected of planning to carry out an attack in the immediate future.","הודעה משותפת ל","0","0","0101000020E610000000000000000000000000000000000000",33208
"2026-03-01 14:10:26","Закрытие воздушного пространства Израиля продлено.  Согласно обновлённому NOTAM A0205/26, закрытие воздушного пространства Израиля продлено до 06.03.2026 10:00UTC (12:00 по израильскому времени).  Полёты запрещены для всех воздушных судов, кроме специально разрешённых прилётов и вылетов, а также военных рейсов по отдельному согласованию. ","Israel","31.0461","34.8516","security","0101000020E610000005A3923A016D41407958A835CD0B3F40","ИнтеллиНьюз - Израиль и Ближний Восток. Все о безопасности","https://t.me/intellinews_russian/174615","Закрытие воздушного пространства Израиля продлено","Closure of Israeli airspace extended","סגירת המרחב האווירי של ישראל הוארכה","0","0","0101000020E610000000000000000000000000000000000000",33207
"2026-03-01 14:10:15","По данным источников OSINT, минувшей ночью четыре стратегических бомбардировщика B-2 атаковали цели в различных районах Тегерана после прямого вылета с территории США.  Согласно сообщениям, в настоящее время самолёты направляются обратно в Соединённые Штаты.  #интеллиньюз 💻","Tehran","35.6892","51.3890","security","0101000020E61000006F1283C0CAB149409C33A2B437D84140","ИнтеллиНьюз - Израиль и Ближний Восток. Все о безопасности","https://t.me/intellinews_russian/174613","По данным источников OSINT, минувшей ночью четыре стратегических бомбардировщика B-2 атаковали цели в различных районах Тегерана после прямого вылета с территории США. Согласно сообщениям, в настоящее время самолёты направляются обратно в Соединённые Штаты.","According to OSINT sources, four B-2 strategic bombers attacked targets in various areas of Tehran last night after a direct flight from the United States. According to reports, the planes are currently heading back to the United States.","על פי מקורות OSINT, ארבעה מפציצים אסטרטגיים B-2 תקפו מטרות באזורים שונים בטהרן אמש לאחר טיסה ישירה משטח ארה""ב. על פי הדיווחים, המטוסים עושים כעת את דרכם חזרה לארצות הברית.","0","0","0101000020E610000000000000000000000000000000000000",33206
"2026-03-01 13:58:50","תמונה עגומה: מתנדב מחזיק טלית ותפילין שחולצו מההריסות בבית שמש   (צילום: בני דקל)  https://t.me/yediotnews25","Beit Shemesh","31.7459","34.9875","general","0101000020E610000066666666667E41401E166A4DF3BE3F40","חדשות 100שטח","https://t.me/yediotnews25/118601","Мрачная картина: волонтер держит талит и тфилин, извлеченные из-под обломков в Бейт-Шемеше (Фото: Бени Декель)","A grim picture: a volunteer holding a tallit and tefillin rescued from the rubble in Beit Shemesh (Photo: Benni Dekel)","תמונה עגומה: מתנדב מחזיק טלית ותפילין שחולצו מההריסות בבית שמש (צילום: בני דקל)","0","0","0101000020E610000000000000000000000000000000000000",33205
"2026-03-01 13:58:39","נשיא איראן מאיים בנאום ראשון לאחר חיסול ח'אמנאי: ""מועצת המנהיגות החלה בעבודתה: נגרום לאויבינו לייאוש""  בנאום מוקלט ראשון לאחראמר נשיא איראן מסעוד פזשכיאן כי ""נגרום לאויבינו לייאוש על ידי השמדת בסיסיהם ויכולותיהם"", והוסיף כי הכוחות המזוינים של איראן תוקפים ""במלוא העוצמה"". פזשכיאן קרא לאיראנים לשמור על אחדות והבטיח כי ישראל תחוש בקרוב ב""כעס ח'אמנאי"".","Iran","32","53","politics","0101000020E61000000000000000804A400000000000004040","חדשות 100שטח","https://t.me/yediotnews25/118600","Президент Ирана угрожает в первой речи после ликвидации Хаменеи: ""Совет лидеров начал свою работу: мы заставим наших врагов отчаяться"". В первой записанной речи в качестве президента Ирана Масуд Пезешкиан заявил, что ""мы заставим наших врагов отчаяться, уничтожив их базы и возможности"", и добавил, что вооруженные силы Ирана наносят удары ""со всей силой"". Пезешкиан призвал иранцев сохранять единство и пообещал, что Израиль скоро почувствует ""гнев Хаменеи"".","Iranian President threatens in first speech after Khamenei's elimination: ""The Leadership Council has begun its work: we will make our enemies despair."" In his first recorded speech as Iranian President, Masoud Pezeshkian said that ""we will make our enemies despair by destroying their bases and capabilities,"" and added that the Iranian armed forces are attacking ""with full force."" Pezeshkian called on Iranians to maintain unity and promised that Israel will soon feel ""Khamenei's wrath.""","נשיא איראן מאיים בנאום ראשון לאחר חיסול ח'אמנאי: ""מועצת המנהיגות החלה בעבודתה: נגרום לאויבינו לייאוש"". בנאום מוקלט ראשון","0","0","0101000020E610000000000000000000000000000000000000",33204
"2026-03-01 13:58:33","נמצאו חלקי ירוט סמוך לבית ספר במרכז הארץ  https://t.me/yediotnews25","Tel Aviv","32.0853","34.7818","security","0101000020E6100000A301BC0512644140A52C431CEB0A4040","חדשות 100שטח","https://t.me/yediotnews25/118597","Обнаружены части перехвата возле школы в центре Израиля","Parts of an interception were found near a school in the center of the country","נמצאו חלקי ירוט סמוך לבית ספר במרכז הארץ","0","0","0101000020E610000000000000000000000000000000000000",33203
"2026-03-01 13:58:26","רחפן נפץ פגע בדירה שבה מתגוררים ישראלים בסמוך לאחד ממוקדי הנציגות הישראלית באבו דאבי. שני ישראלים נפגעו באורח קל מההדף.  https://t.me/yediotnews25","Abu Dhabi","24.4539","54.3773","security","0101000020E6100000F163CC5D4B304B4087A757CA32743840","חדשות 100שטח","https://t.me/yediotnews25/118596","Взрыв дрона со взрывчаткой в квартире с израильтянами в Абу-Даби. Двое израильтян получили легкие ранения.","Explosive drone hit an apartment where Israelis live near one of the Israeli representation centers in Abu Dhabi. Two Israelis were slightly injured by the blast.","מטוס נפץ פגע בדירה שבה מתגוררים ישראלים בסמוך לאחד ממוקדי הנציגות הישראלית באבו דאבי. שני ישראלים נפגעו באורח קל מההדף.","0","0","0101000020E610000000000000000000000000000000000000",33202
"2026-03-01 13:58:20","חילוץ גופה נוספת מההריסות בבית שמש   https://t.me/yediotnews25","בית שמש","31.7468","34.9866","accident","0101000020E6100000E71DA7E8487E41401EA7E8482EBF3F40","חדשות 100שטח","https://t.me/yediotnews25/118595","Извлечено еще одно тело из-под завалов в Бейт-Шемеш","Another body pulled from rubble in Beit Shemesh","חילוץ גופה נוספת מההריסות בבית שמש","0","0","0101000020E610000000000000000000000000000000000000",33201
"2026-03-01 13:58:15","דיווחים באיראן:   🔹תקיפות בטהרן  🔹התקפות כבדות על מטות ביטחוניים בכרמאן ","Tehran","35.6892","51.3890","security","0101000020E61000006F1283C0CAB149409C33A2B437D84140","חדשות ישראל בטלגרם","https://t.me/c/2335255539/39259","Сообщения в Иране: Атаки в Тегеране Тяжелые нападения на штабы безопасности в Кермане","Reports in Iran: Attacks in Tehran Heavy attacks on security headquarters in Kerman","דיווחים באיראן: תקיפות בטהרן התקפות כבדות על מטות ביטחוניים בכרמאן","0","0","0101000020E610000000000000000000000000000000000000",33200
"2026-03-01 13:58:08","В Израиле замечают подготовку к обстрелу из Ирана, военно-воздушные силы сейчас проводят ""охоту на пусковые установки"".  #интеллиньюз","Israel","31.0461","34.8516","security","0101000020E610000005A3923A016D41407958A835CD0B3F40","ИнтеллиНьюз - Израиль и Ближний Восток. Все о безопасности","https://t.me/intellinews_russian/174610","В Израиле замечают подготовку к обстрелу из Ирана, военно-воздушные силы сейчас проводят ""охоту на пусковые установки"".","In Israel, preparations for shelling from Iran are noticed, the air force is now conducting a ""hunt for launchers"".","בישראל מבחינים בהכנות להפגזה מאיראן, חיל האוויר עורך כעת ""מצוד אחר משגרים"".","0","0","0101000020E610000000000000000000000000000000000000",33199
"2026-03-01 13:57:56","Компания Maersk объявила, что из-за роста региональной напряжённости полностью прекращает проход своих судов через пролив Баб-эль-Мандеб.  До дальнейшего уведомления корабли будут направляться в обход — вокруг мыса Доброй Надежды.  #интеллиньюз 💻","Bab-el-Mandeb Strait","12.6325","43.3932","international","0101000020E6100000C364AA6054B24540A4703D0AD7432940","ИнтеллиНьюз - Израиль и Ближний Восток. Все о безопасности","https://t.me/intellinews_russian/174607","Компания Maersk объявила, что из-за роста региональной напряжённости полностью прекращает проход своих судов через пролив Баб-эль-Мандеб. До дальнейшего уведомления корабли будут направляться в обход — вокруг мыса Доброй Надежды.","Maersk announces it will completely stop passage of its vessels through the Bab-el-Mandeb Strait due to increasing regional tensions. Until further notice, ships will be routed around the Cape of Good Hope.","חברת מארסק הודיעה כי תפסיק לחלוטין את מעבר כלי השיט שלה דרך מצר באב אל-מנדב עקב גוברות המתיחות האזורית. עד להודעה חדשה, הספינות יופנו לעקוף את כף התקווה הטובה.","0","0","0101000020E610000000000000000000000000000000000000",33198
"2026-03-01 13:56:39","Обновление от Командования тыла:  В продолжение к активированным сигналам предупреждения о проникновении вражеского БПЛА в районе Фаран  Инцидент завершен. ","Faran","29.7977","34.9577","security","0101000020E61000008AB0E1E9957A4140EA04341136CC3D40","ИнтеллиНьюз - Израиль и Ближний Восток. Все о безопасности","https://t.me/intellinews_russian/174606","Обновление от Командования тыла: В продолжение к активированным сигналам предупреждения о проникновении вражеского БПЛА в районе Фаран Инцидент завершен.","Update from Home Front Command: Following the activated warning sirens about the infiltration of a hostile UAV in the Faran area, the incident is over.","עדכון מפיקוד העורף: בהמשך להפעלת התרעות על חדירת כלי טיס עוין באזור פארן, האירוע הסתיים.","0","0","0101000020E610000000000000000000000000000000000000",33197
"2026-03-01 13:55:47","Количество погибших в результате падения иранской ракеты в Бейт Шемеше увеличилось до 9.  #интеллиньюз 💻","Beit Shemesh","31.7475","34.9869","accident","0101000020E610000011363CBD527E41408FC2F5285CBF3F40","ИнтеллиНьюз - Израиль и Ближний Восток. Все о безопасности","https://t.me/intellinews_russian/174604","Число погибших в результате падения иранской ракеты в Бейт-Шемеше возросло до 9. #intellinews 💻","The death toll from the fall of an Iranian missile in Beit Shemesh has risen to 9. #intellinews 💻","מספר ההרוגים כתוצאה מנפילת טיל איראני בבית שמש עלה ל-9. #intellinews 💻","0","0","0101000020E610000000000000000000000000000000000000",33196
"2026-03-01 13:55:14","Обновление Командования тыла - Инцидент завершен  (01/03/2026 15:45)  Инцидент завершен в Паран  Цофар - Цева Адом","Paran","29.9667","35.1500","security","0101000020E610000033333333339341400F0BB5A679F73D40","ИнтеллиНьюз - Израиль и Ближний Восток. Все о безопасности","https://t.me/intellinews_russian/174603","Обновление Командования тыла - Инцидент завершен в Паран Цофар - Цева Адом","Home Front Command Update - Incident concluded in Paran Tsofar - Tzeva Adom","עדכון פיקוד העורף - האירוע הסתיים ב פארן צופר - צבע אדום","0","0","0101000020E610000000000000000000000000000000000000",33195
"2026-03-01 13:40:31","לידיה, נפצעה באורח קל מהפגיעה הישירה בבית שמש: ""הייתי בבית, לא הייתה הודעה לפני אלא מיד הייתה אזעקה. לא הספקנו לרדת למרחב המוגן, כל החלונות יצאו מהמקום, המון זכוכיות, רעש מטורף. בעלי נפצע בפנים"".  https://t.me/yediotnews25","Beit Shemesh","31.7459","34.9867","security","0101000020E61000004A7B832F4C7E41401E166A4DF3BE3F40","חדשות 100שטח","https://t.me/yediotnews25/118585","Лидия, слегка пострадавшая в результате прямого попадания в Бейт-Шемеше: «Я была дома, предварительного уведомления не было, сразу прозвучала сирена. Мы не успели спуститься в убежище, все окна вылетели, много стекла, безумный шум. Мой муж пострадал в лицо».","Lidia, lightly injured by a direct hit in Beit Shemesh: ""I was at home, there was no prior notification, but immediately there was an alarm. We didn't have time to go down to the protected area, all the windows came out of place, a lot of glass, crazy noise. My husband was injured in the face.""","לידיה, נפצעה באורח קל מהפגיעה הישירה בבית שמש: ""הייתי בבית, לא הייתה הודעה לפני אלא מיד הייתה אזעקה. לא הספקנו לרדת למרחב המוגן, כל החלונות יצאו מהמקום, המון זכוכיות, רעש מטורף. בעלי נפצע בפנים"".","0","0","0101000020E610000000000000000000000000000000000000",33194
"2026-03-01 13:40:16","התקפות כבדות על מטות ביטחוניים בכרמאן בכורדיסטן האיראנית","Kermanshah","34.3153","47.0651","security","0101000020E61000001C7C613255884740E3361AC05B284140","🔞 חדשות ישראל | ללא צנזורה חדשות ישראל","https://t.me/News_il_h/96899","Тяжелые нападения на штабы безопасности в Керманшахе в иранском Курдистане","Heavy attacks on security headquarters in Kermanshah in Iranian Kurdistan","התקפות כבדות על מטות ביטחוניים בכרמאן בכורדיסטן האיראנית","0","0","0101000020E610000000000000000000000000000000000000",33193
"2026-03-01 13:25:57","ראש עיריית בית שמש: ידוע על כ-20 מנותקי קשר, לא כולם בהכרח בזירת הפגיעה.  https://t.me/yediotnews25","Beit Shemesh","31.7456","34.9864","general","0101000020E61000002063EE5A427E4140C9E53FA4DFBE3F40","חדשות 100שטח","https://t.me/yediotnews25/118579","Мэр Бейт-Шемеша: Известно о примерно 20 людях, потерявших связь, не все из них обязательно находятся на месте происшествия.","The Mayor of Beit Shemesh: About 20 people are known to have lost contact, not all of them are necessarily at the scene of the incident.","ראש עיריית בית שמש: ידוע על כ-20 מנותקי קשר, לא כולם בהכרח בזירת הפגיעה.","0","0","0101000020E610000000000000000000000000000000000000",33192
"2026-03-01 13:25:52","תיעוד מפינוי הנרצחים מהזירה הקשה בבית שמש   https://t.me/yediotnews25","Bet Shemesh","31.7459","34.9862","security","0101000020E610000058A835CD3B7E41401E166A4DF3BE3F40","חדשות 100שטח","https://t.me/yediotnews25/118578","Документация об эвакуации убитых с тяжелой сцены в Бейт-Шемеше","Documentation of the evacuation of the murdered from the difficult scene in Beit Shemesh","תיעוד מפינוי הנרצחים מהזירה הקשה בבית שמש","0","0","0101000020E610000000000000000000000000000000000000",33191
"2026-03-01 13:25:44","דיווחים באיראן: נשיא איראן לשעבר אחמדינג'אד חוסל בתקיפה ישראלית/אמריקאית","Tehran","35.6892","51.3890","security","0101000020E61000006F1283C0CAB149409C33A2B437D84140","חדשות ישראל בטלגרם","https://t.me/c/2335255539/39257","Сообщения в Иране: Бывший президент Ирана Ахмадинежад был убит в результате израильской/американской атаки","Reports in Iran: Former Iranian President Ahmadinejad assassinated in Israeli/American attack","דיווחים באיראן: נשיא איראן לשעבר אחמדינג'אד חוסל בתקיפה ישראלית/אמריקאית","0","0","0101000020E610000000000000000000000000000000000000",33190
"2026-03-01 13:25:32","Пресс-секретарь ЦАХАЛа по работе с иностранными СМИ, подполковник Надав Шошани обвинил иранский режим в преднамеренных атаках по гражданским:  С начала операции «Рык льва» иранский режим целенаправленно наносит удары по мирным жителям — нам известно, что это их стратегия.  В ходе последнего обстрела они убили множество гражданских в Бейт-Шемеше. Иранский режим — террористический режим.","Beit Shemesh","31.7456","34.9867","security","0101000020E61000004A7B832F4C7E4140C9E53FA4DFBE3F40","ИнтеллиНьюз - Израиль и Ближний Восток. Все о безопасности","https://t.me/intellinews_russian/174600","Пресс-секретарь ЦАХАЛа обвинил Иран в преднамеренных атаках на гражданских лиц в Бейт-Шемеше.","IDF Spokesperson accuses Iran of deliberately attacking civilians in Beit Shemesh.","דובר צה""ל מאשים את איראן בתקיפה מכוונת של אזרחים בבית שמש.","0","0","0101000020E610000000000000000000000000000000000000",33189
"2026-03-01 13:25:12","הפגיעה בבית שמש: פגיעה ישירה של טיל איראני, מיירטים שוגרו לאוויר והחטיאו. בצה""ל נפתח תחקיר של חיל האוויר ופיקוד העורף  בין היתר נבדק ע""י חה""א  נושא היירוט וההחטאה. פקע""ר בודקים האם המקלט היה תקין, הדלת היתה סגורה, והאם ניתן היה למנוע את התוצאה המזעזעת  ❗️⚠️ ללא צנזורה חדשות ישראל: https://t.me/News_il_h","Beit Shemesh","31.7453","34.9893","security","0101000020E610000066F7E461A17E414074B515FBCBBE3F40","🔞 חדשות ישראל | ללא צנזורה חדשות ישראל","https://t.me/News_il_h/96883","Удар в Бейт-Шемеше: Прямое попадание иранской ракеты, перехватчики были запущены в воздух и промахнулись. В ЦАХАЛе начато расследование ВВС и командования тыла, в том числе ВВС проверяют вопрос перехвата и промаха. Командование тыла проверяет, был ли бункер исправен, была ли дверь закрыта и можно ли было предотвратить ужасный результат","Strike in Beit Shemesh: A direct hit by an Iranian missile, interceptors were launched into the air and missed. The IDF has launched an investigation by the Air Force and the Home Front Command, including the Air Force examining the issue of interception and the miss. The Home Front Command is checking whether the bunker was in order, whether the door was closed, and whether the terrible result could have been prevented","פגיעה בבית שמש: פגיעה ישירה של טיל איראני, מיירטים שוגרו לאוויר והחטיאו. בצה""ל נפתח תחקיר של חיל האוויר ופיקוד העורף בין היתר נבדק ע""י חה""א נושא היירוט וההחטאה. פקע""ר בודקים האם המ","0","0","0101000020E610000000000000000000000000000000000000",33188
"2026-03-01 13:10:45","פעולות חילוץ דרמטיות בזירה הקשה בעיר שמש: כוחות הביטחון וההצלה פועלים כעת לחילוץ גופותיהם של שני נרצחים נוספים שאותרו מתחת להריסות המבנה שספג פגיעה ישירה.  https://t.me/yediotnews25","Shems","32.5439","34.9526","security","0101000020E6100000B515FBCBEE794140AF25E4839E454040","חדשות 100שטח","https://t.me/yediotnews25/118574","Драматические спасательные операции на тяжелой сцене в городе Шемс: силы безопасности и спасатели в настоящее время работают над извлечением тел двух дополнительных жертв, обнаруженных под обломками здания, получившего прямое попадание.","Dramatic rescue operations at the difficult scene in the city of Shems: security and rescue forces are currently working to extract the bodies of two additional victims found under the rubble of the building that took a direct hit.","פעולות חילוץ דרמטיות בזירה הקשה בעיר שמש: כוחות הביטחון וההצלה פועלים כעת לחילוץ גופותיהם של שני נרצחים נוספים שאותרו מתחת להריסות המבנה שספג פגיעה ישירה.","0","0","0101000020E610000000000000000000000000000000000000",33187
"2026-03-01 13:10:34","תושב בית שמש שהיה עד לאירוע הנפילה: ""זו הייתה פגיעה ישירה בתוך מקלט ציבורי. הם ירדו למקלט והטיל פגע בו. לדעתי המספרים של ההרוגים הרבה יותר גבוהים ממה שהותר לפרסום עד כה, חלקם הגדול של ההרוגים לצערי הם ילדים"".  https://t.me/yediotnews25","Beit Shemesh","31.7459","34.9869","security","0101000020E610000011363CBD527E41401E166A4DF3BE3F40","חדשות 100שטח","https://t.me/yediotnews25/118570","Житель Бейт-Шемеша, ставший свидетелем падения: ""Это было прямое попадание в общественный бункер. Они спустились в бункер, и ракета попала в него. Я думаю, что число погибших намного выше, чем было разрешено опубликовать до сих пор, большая часть погибших, к сожалению, дети"".","A resident of Beit Shemesh who witnessed the fall: ""It was a direct hit inside a public shelter. They went down to the shelter and the missile hit it. I think the numbers of dead are much higher than what has been cleared for publication so far, a large part of the dead, unfortunately, are children.""","תושב בית שמש שהיה עד לאירוע הנפילה: ""זו הייתה פגיעה ישירה בתוך מקלט ציבורי. הם ירדו למקלט והטיל פגע בו. לדעתי המספרים של ההרוגים הרבה יותר גבוהים ממה שהותר לפרסום עד כה, חלקם הגדול של ההרוגים לצערי הם ילדים"".","0","0","0101000020E610000000000000000000000000000000000000",33186
"2026-03-01 13:10:26","דוברות זק""א מחוז ירושלים - בית שמש: שמונה הרוגים מפגיעה ישירה  עדיין חשוב להדגיש - ברוב מוחלט של הפגיעות המרחב המוגן מציל חיים 🙏🏻  המשיכו להישמע להוראות פיקוד העורף. ","Jerusalem","31.7683","35.2137","security","0101000020E6100000DE9387855A9B41404D840D4FAFC43F40","חדשות ישראל בטלגרם","https://t.me/c/2335255539/39254","Пресс-служба ЗАКА, Иерусалимский округ - Бейт-Шемеш: Восемь погибших от прямого попадания. Важно подчеркнуть - в подавляющем большинстве случаев защищенное пространство спасает жизни 🙏🏻 Продолжайте следовать инструкциям командования тыла.","ZAKA Spokesperson Jerusalem District - Beit Shemesh: Eight fatalities from a direct hit. It is still important to emphasize - in the vast majority of cases, the protected space saves lives 🙏🏻 Continue to follow the instructions of the Home Front Command.","דוברות זק""א מחוז ירושלים - בית שמש: שמונה הרוגים מפגיעה ישירה  עדיין חשוב להדגיש - ברוב מוחלט של הפגיעות המרחב המוגן מציל חיים 🙏🏻  המשיכו להישמע להוראות פיקוד העורף.","0","0","0101000020E610000000000000000000000000000000000000",33185
"2026-03-01 13:10:21","Атака на иранский командный центр в Тегеране сегодня.  #интеллиньюз","Tehran","35.6892","51.3890","security","0101000020E61000006F1283C0CAB149409C33A2B437D84140","ИнтеллиНьюз - Израиль и Ближний Восток. Все о безопасности","https://t.me/intellinews_russian/174596","Атака на иранский командный центр в Тегеране сегодня.","Attack on Iranian command center in Tehran today.","תקיפה על מרכז הפיקוד האיראני בטהרן היום.","0","0","0101000020E610000000000000000000000000000000000000",33184
"2026-03-01 13:10:15","Пресс-служба ЗAKA, регион Иерусалим - Бейт-Шемеш:  Восемь погибших от прямого попадания в жилой комплекс в Бейт-Шемеше.  #интеллиньюз","Beit Shemesh","31.7463","34.9873","accident","0101000020E61000009FABADD85F7E41403B014D840DBF3F40","ИнтеллиНьюз - Израиль и Ближний Восток. Все о безопасности","https://t.me/intellinews_russian/174595","Пресс-служба ZAKA, регион Иерусалим - Бейт-Шемеш: Восемь погибших от прямого попадания в жилой комплекс в Бейт-Шемеше.","ZAKA press service, Jerusalem - Beit Shemesh region: Eight dead from a direct hit on a residential complex in Beit Shemesh.","דוברות זק""א, אזור ירושלים - בית שמש: שמונה הרוגים מפגיעה ישירה במתחם מגורים בבית שמש.","0","0","0101000020E610000000000000000000000000000000000000",33183
"2026-03-01 12:55:57","הדסה: 5 פצועים קל מפגיעת הטיל בבית שמש  מהמרכז הרפואי הדסה נמסר כי אל יחידת הטראומה בהדסה הר הצופים פונו חמישה פצועים במצב קל, בני משפחה אחת, מאזור נפילת הטיל בבית שמש. כולם בהכרה.  https://t.me/yediotnews25","Beit Shemesh","31.7448","34.9863","security","0101000020E6100000BC0512143F7E4140910F7A36ABBE3F40","חדשות 100שטח","https://t.me/yediotnews25/118567","Хадасса: 5 легкораненых в результате ракетного удара в Бейт-Шемеше. Медицинский центр Хадасса сообщил, что в отделение травматологии Хадассы на горе Скопус были эвакуированы пять легкораненых, члены одной семьи, из района падения ракеты в Бейт-Шемеше. Все в сознании.","Hadassah: 5 lightly injured in a rocket strike in Beit Shemesh. The Hadassah Medical Center reported that five lightly injured people, members of one family, were evacuated to the trauma unit at Hadassah Mount Scopus from the area of the rocket fall in Beit Shemesh. All are conscious.","הדסה: 5 פצועים קל מפגיעת הטיל בבית שמש. ממרכז הרפואי הדסה נמסר כי אל יחידת הטראומה בהדסה הר הצופים פונו חמישה פצועים במצב קל, בני משפחה אחת, מאזור נפילת הטיל בבית שמש. כולם בהכרה.","0","0","0101000020E610000000000000000000000000000000000000",33182
"2026-03-01 12:55:51","תיעוד ראשוני מתוך המקלט שספג פגיעה ישירה בבית שמש","Beit Shemesh","31.7459","34.9888","security","0101000020E6100000742497FF907E41401E166A4DF3BE3F40","חדשות 100שטח","https://t.me/yediotnews25/118566","Первичная документация из убежища, которое получило прямое попадание в Бейт-Шемеше","Initial documentation from the shelter that was directly hit in Beit Shemesh","תיעוד ראשוני מתוך המקלט שספג פגיעה ישירה בבית שמש","0","0","0101000020E610000000000000000000000000000000000000",33181
"2026-03-01 12:55:45","עצוב: מניין ההרוגים בבית שמש עלה ל6   https://t.me/yediotnews25","בית שמש","31.7559","34.9874","accident","0101000020E610000003098A1F637E4140E10B93A982C13F40","חדשות 100שטח","https://t.me/yediotnews25/118565","Печально: Число погибших в Бейт-Шемеше возросло до 6","Sad: The death toll in Beit Shemesh rises to 6","עצוב: מניין ההרוגים בבית שמש עלה ל-6","0","0","0101000020E610000000000000000000000000000000000000",33180
"2026-03-01 15:25:29.816427","Пресс-служба Пожарно-спасательной службы Израиля:  Операция «Рык льва» Обновление на 14:40:  В продолжение к инциденту с прямым попаданием в жилые дома в районе Иерусалима.","Jerusalem","31.7683","35.2137","security","0101000020E6100000DE9387855A9B41404D840D4FAFC43F40","ИнтеллиНьюз - Израиль и Ближний Восток. Все о безопасности, ИнтеллиНьюз - Израиль и Ближний Восток. Все о безопасности","https://t.me/intellinews_russian/174591","Пресс-служба Пожарно-спасательной службы Израиля: Операция «Рык льва» Обновление на 14:40: В продолжение к инциденту с прямым попаданием в жилые дома в районе Иерусалима.","Israel Fire and Rescue Services Spokesperson: Operation Lion's Roar Update at 14:40: Further to the incident of a direct hit on residential buildings in the Jerusalem area.","דוברות שירותי הכבאות וההצלה בישראל: מבצע שאגת אריה עדכון לשעה 14:40: בהמשך לאירוע פגיעה ישירה בבתי מגורים באזור ירושלים.","0","0","0101000020E610000000000000000000000000000000000000",33179
"2026-03-01 12:55:29","Со скорбью сообщаем, что была констатирована смерть шестого пострадавшего в Бейт-Шемеше.  Благословенна его память! 🕯  #интеллиньюз 💻","Beit Shemesh","31.7469","34.9869","accident","0101000020E610000011363CBD527E4140E561A1D634BF3F40","ИнтеллиНьюз - Израиль и Ближний Восток. Все о безопасности","https://t.me/intellinews_russian/174590","С прискорбием сообщаем, что констатирована смерть шестого пострадавшего в Бейт-Шемеше. Благословенна его память! 🕯 #интеллиньюз 💻","We are saddened to report that the death of the sixth victim in Beit Shemesh has been confirmed. May his memory be a blessing! 🕯 #intellinews 💻","בצער רב אנו מודיעים כי נקבע מותו של הנפגע השישי בבית שמש. זכרונו לברכה! 🕯 #אינטליניוז 💻","0","0","0101000020E610000000000000000000000000000000000000",33178
"2026-03-01 12:55:22","Со скорбью сообщаем, что была констатирована смерть пятого пострадавшего в Бейт-Шемеше.  Благословенна его память! 🕯  #интеллиньюз 💻","Beit Shemesh","31.7468","34.9885","accident","0101000020E61000004A0C022B877E41401EA7E8482EBF3F40","ИнтеллиНьюз - Израиль и Ближний Восток. Все о безопасности","https://t.me/intellinews_russian/174589","С прискорбием сообщаем, что констатирована смерть пятого пострадавшего в Бейт-Шемеше. Благословенна его память! 🕯 #интеллиньюз 💻","We regret to announce that the death of the fifth victim in Beit Shemesh has been confirmed. May his memory be blessed! 🕯 #intellinews 💻","בצער רב אנו מודיעים כי נקבע מותו של הנפגע החמישי בבית שמש. זכרונו לברכה! 🕯 #אינטליניוז 💻","0","0","0101000020E610000000000000000000000000000000000000",33177
"2026-03-01 12:55:12","Пресс-служба ЦАХАЛа:  Спасательные службы Командования тыла, совместно с многочисленными медицинскими силами и вертолетом для эвакуации раненых сейчас работают на месте падения в Бейт-Шемеше.  Командующий Командования тыла направляется на место инцидента. ","Beit Shemesh","31.7459","34.9898","accident","0101000020E610000058CA32C4B17E41401E166A4DF3BE3F40","ИнтеллиНьюз - Израиль и Ближний Восток. Все о безопасности","https://t.me/intellinews_russian/174588","Пресс-служба ЦАХАЛа: Спасательные службы Командования тыла, совместно с многочисленными медицинскими силами и вертолетом для эвакуации раненых сейчас работают на месте падения в Бейт-Шемеше. Командующий Командования тыла направляется на место инцидента.","IDF Spokesperson: Home Front Command rescue forces, along with numerous medical forces and a helicopter for evacuating the wounded, are now working at the scene of the fall in Beit Shemesh. The commander of the Home Front Command is heading to the scene of the incident.","דובר צה""ל: כוחות החילוץ של פיקוד העורף, יחד עם כוחות רפואה רבים ומסוק לפינוי פצועים, פועלים כעת בזירת הנפילה בבית שמש. מפקד פיקוד העורף עושה את דרכו לזירת האירוע.","0","0","0101000020E610000000000000000000000000000000000000",33176
"2026-03-01 12:41:39","הטרגדיה בבית שמש: מניין ההרוגים עלה ל-5   https://t.me/yediotnews25","Bet Shemesh","31.7463","34.9892","accident","0101000020E6100000029A081B9E7E41403B014D840DBF3F40","חדשות 100שטח","https://t.me/yediotnews25/118562","Трагедия в Бейт-Шемеше: число погибших возросло до 5","Tragedy in Beit Shemesh: death toll rises to 5","הטרגדיה בבית שמש: מניין ההרוגים עלה ל-5","0","0","0101000020E610000000000000000000000000000000000000",33175
"2026-03-01 12:41:24","נקבע מותם של ארבעה מהזירה בבית שמש","Beit Shemesh","31.7459","34.9893","accident","0101000020E610000066F7E461A17E41401E166A4DF3BE3F40","חדשות 100שטח","https://t.me/yediotnews25/118560","Четверо скончались на месте происшествия в Бейт-Шемеше","Four were pronounced dead at the scene in Beit Shemesh","נקבע מותם של ארבעה מהזירה בבית שמש","0","0","0101000020E610000000000000000000000000000000000000",33174
"2026-03-01 12:41:18","דיווחים על רעידת אדמה בעוצמה 3.1 באיזור ערד   https://t.me/yediotnews25","Arad","31.2627","35.2157","accident","0101000020E6100000A4DFBE0E9C9B4140C1A8A44E40433F40","חדשות 100שטח","https://t.me/yediotnews25/118558","Сообщения о землетрясении магнитудой 3,1 в районе Арада","Reports of a 3.1 magnitude earthquake in the Arad area","דיווחים על רעידת אדמה בעוצמה 3.1 באיזור ערד","0","0","0101000020E610000000000000000000000000000000000000",33173
"2026-03-01 12:41:11","זירת הנפילה בבית שמש  עלה ל-5 מספר הנרצחים. הוכרז אר״ן","Beit Shemesh","31.7467","34.9869","accident","0101000020E610000011363CBD527E414057EC2FBB27BF3F40","חדשות ישראל בטלגרם","https://t.me/c/2335255539/39250","На месте крушения в Бейт-Шемеше число погибших возросло до 5. Объявлено о массовом инциденте.","At the crash site in Beit Shemesh, the number of fatalities has risen to 5. A mass casualty incident has been declared.","בזירת הנפילה בבית שמש עלה ל-5 מספר הנרצחים. הוכרז אר״ן","0","0","0101000020E610000000000000000000000000000000000000",33172
"2026-03-01 12:41:05","3 נרצחים בבית שמש  בתים שלמים ב-2 רחובות נמחקו  לשליחת תיעוד מהשטח | לפרסום בערוץ ","Beit Shemesh","31.7461","34.9875","accident","0101000020E610000066666666667E4140AC8BDB6800BF3F40","חדשות ישראל בטלגרם","https://t.me/c/2335255539/39244","3 убитых в Бейт-Шемеше, целые дома на 2 улицах стерты с лица земли "," 3 people murdered in Beit Shemesh, entire houses on 2 streets were wiped out "," 3 נרצחים בבית שמש, בתים שלמים ב-2 רחובות נמחקו","0","0","0101000020E610000000000000000000000000000000000000",33171
"2026-03-01 12:40:57","Со скорбью сообщаем, что была констатирована смерть четырёх пострадавших в Бейт-Шемеше.  Благословенна их память! 🕯  #интеллиньюз 💻","Beit Shemesh","31.7460","34.9869","accident","0101000020E610000011363CBD527E4140E5D022DBF9BE3F40","ИнтеллиНьюз - Израиль и Ближний Восток. Все о безопасности","https://t.me/intellinews_russian/174587","С прискорбием сообщаем, что была констатирована смерть четырех пострадавших в Бейт-Шемеше. Благословенна их память! 🕯 #интеллиньюз 💻","We regret to announce that the death of four victims in Beit Shemesh has been confirmed. May their memory be a blessing! 🕯 #intellinews 💻","בצער רב אנו מודיעים כי נקבע מותם של ארבעה נפגעים בבית שמש. זכרונם לברכה! 🕯 #אינטליניוז 💻","0","0","0101000020E610000000000000000000000000000000000000",33170
"2026-03-01 12:40:44","Муниципалитет Бейт-Шемеш:  Уважаемые жители, в городе упала ракета. К сожалению, есть пострадавшие. Экстренные и службы безопасности находятся на месте и занимаются инцидентом.  Мы делаем все возможное, чтобы помочь пострадавшим и жителям в районе падения.  Пожалуйста, избегайте приближаться к месту инцидента это излишний риск и мешает спасательным операциям. Продолжайте следовать указаниям Командования тыла.","Beit Shemesh","31.7444","34.9861","security","0101000020E6100000F54A5986387E4140742497FF90BE3F40","ИнтеллиНьюз - Израиль и Ближний Восток. Все о безопасности","https://t.me/intellinews_russian/174586","Муниципалитет Бейт-Шемеш: Уважаемые жители, в городе упала ракета. К сожалению, есть пострадавшие. Экстренные и службы безопасности находятся на месте и занимаются инцидентом. Мы делаем все возможное, чтобы помочь пострадавшим и жителям в районе падения. Пожалуйста, избегайте приближаться к месту инцидента это излишний риск и мешает спасательным операциям. Продолжайте следовать указаниям Командования тыла.","Beit Shemesh Municipality: Dear residents, a rocket has fallen in the city. Unfortunately, there are casualties. Emergency and security services are on site and dealing with the incident. We are doing everything we can to help the injured and residents in the affected area. Please avoid approaching the scene of the incident as this is an unnecessary risk and interferes with rescue operations. Continue to follow the instructions of the Home Front Command.","עיריית בית שמש: תושבים יקרים, רקטה נפלה בעיר. למרבה הצער, יש נפגעים. שירותי החירום והביטחון נמצאים במקום ומטפלים באירוע. אנו עושים כל שביכולתנו כדי לסייע לנפגעים ולתושבים באזור הפגיעה. אנ","0","0","0101000020E610000000000000000000000000000000000000",33169
"2026-03-01 12:40:28","Сообщение пожарно-спасательной службы Израиля:  Сообщается о направлении подкрепления из соседних районов в район Бейт-Шемеша:  По данным спасательной команды «Лехава», зафиксировано обрушение нескольких зданий и значительные разрушения. ","Beit Shemesh","31.7444","34.9864","accident","0101000020E61000002063EE5A427E4140742497FF90BE3F40","ИнтеллиНьюз - Израиль и Ближний Восток. Все о безопасности","https://t.me/intellinews_russian/174584","Сообщение пожарно-спасательной службы Израиля: Сообщается о направлении подкрепления из соседних районов в район Бейт-Шемеша: По данным спасательной команды «Лехава», зафиксировано обрушение нескольких зданий и значительные разрушения.","Israel Fire and Rescue Service report: Reinforcements are being directed from neighboring districts to the Beit Shemesh area: According to the Lehava rescue team, several buildings have collapsed and there is significant destruction.","הודעת שירותי הכבאות וההצלה של ישראל: דווח על הכוונת תגבורת ממחוזות שכנים לאזור בית שמש: על פי צוות החילוץ ""להבה"", נרשמה קריסת מספר מבנים ונזק משמעותי.","0","0","0101000020E610000000000000000000000000000000000000",33168
"2026-03-01 12:40:24","Иран атаковал порт Зайед в Абу‑Даби.  #нтеллиньюз 💻","Abu Dhabi","24.4539","54.3773","security","0101000020E6100000F163CC5D4B304B4087A757CA32743840","ИнтеллиНьюз - Израиль и Ближний Восток. Все о безопасности","https://t.me/intellinews_russian/174578","Иран атаковал порт Зайед в Абу-Даби.","Iran attacked Port Zayed in Abu Dhabi.","איראן תקפה את נמל זאיד באבו דאבי.","0","0","0101000020E610000000000000000000000000000000000000",33167
"2026-03-01 12:41:39.718675","דובר צה""ל:  כוחות חילוץ והצלה של פיקוד העורף בשילוב כוחות רפואה רבים ומסוק לפינוי פצועים פועלים כעת בזירת הנפילה בבית שמש. מפקד פיקוד העורף בדרכו לזירה.  דובר צה״ל מבהיר לאחר בדיקה כי ההתרעה מקדימה וכן גם התרעה הופעלה כסידרה בזירת הנפילה בבית שמש.","Beit Shemesh","31.7467","34.9869","security","0101000020E610000011363CBD527E414057EC2FBB27BF3F40","🔞 חדשות ישראל | ללא צנזורה חדשות ישראל, חדשות 100שטח","https://t.me/News_il_h/96865","Пресс-секретарь ЦАХАЛа: Спасательные силы командования тыла в сочетании с многочисленными медицинскими силами и вертолетом для эвакуации раненых в настоящее время действуют на месте падения в Бейт-Шемеше. Командир командования тыла направляется на место происшествия. Пресс-секретарь ЦАХАЛа поясняет после проверки, что предварительное предупреждение, а также предупреждение были активированы в обычном режиме на месте падения в Бейт-Шемеше.","IDF spokesman: Home Front Command rescue forces, combined with numerous medical forces and a helicopter to evacuate the wounded, are currently operating at the crash site in Beit Shemesh. The commander of the Home Front Command is on his way to the scene. The IDF spokesman clarifies after an examination that the advance warning, as well as the warning, were activated as usual at the crash site in Beit Shemesh.","דובר צה""ל: כוחות חילוץ והצלה של פיקוד העורף בשילוב כוחות רפואה רבים ומסוק לפינוי פצועים פועלים כעת בזירת הנפילה בבית שמש. מפקד פיקוד העורף בדרכו לזירה. דובר צ","0","0","0101000020E610000000000000000000000000000000000000",33166
"2026-03-01 12:25:39","אותר פצוע אנוש נוסף בבית שמש, כרגע מספר הפצועים אנוש עומד על 4, לפי הדיווחים - לא הופעלה אזעקה    https://t.me/yediotnews25","Beit Shemesh","31.7459","34.9894","accident","0101000020E6100000CA54C1A8A47E41401E166A4DF3BE3F40","חדשות 100שטח","https://t.me/yediotnews25/118550","В Бейт-Шемеше обнаружен еще один тяжелораненый, сейчас число тяжелораненых составляет 4 человека, согласно сообщениям, сирена не сработала","Another critically injured person was found in Beit Shemesh, currently the number of critically injured people stands at 4, according to reports - no siren was activated","אותר פצוע אנוש נוסף בבית שמש, כרגע מספר הפצועים אנוש עומד על 4, לפי הדיווחים - לא הופעלה אזעקה","0","0","0101000020E610000000000000000000000000000000000000",33165
"2026-03-01 12:25:32","Четверо пострадавших в критическом состоянии на данный момент в Бейт-Шемеше.  #интеллиньюз 💻","Beit Shemesh","31.7459","34.9875","accident","0101000020E610000066666666667E41401E166A4DF3BE3F40","ИнтеллиНьюз - Израиль и Ближний Восток. Все о безопасности","https://t.me/intellinews_russian/174577","Четверо пострадавших в критическом состоянии на данный момент в Бейт-Шемеше.","Four people are currently in critical condition in Beit Shemesh.","ארבעה נפגעים במצב קריטי כרגע בבית שמש.","0","0","0101000020E610000000000000000000000000000000000000",33164
"2026-03-01 12:25:27","Дополнительное видео с места падения в Бейт-Шемеше.  #интеллиньюз","Beit Shemesh","31.7459","34.9867","accident","0101000020E61000004A7B832F4C7E41401E166A4DF3BE3F40","ИнтеллиНьюз - Израиль и Ближний Восток. Все о безопасности","https://t.me/intellinews_russian/174576","Дополнительное видео с места падения в Бейт-Шемеше.","Additional video from the scene of the fall in Beit Shemesh.","סרטון נוסף מזירת הנפילה בבית שמש.","0","0","0101000020E610000000000000000000000000000000000000",33163
"2026-03-01 12:12:32","עלה ל20 מספר הפצועים בבית שמש","בית שמש","31.7562","34.9854","accident","0101000020E61000003CBD5296217E4140363CBD5296C13F40","חדשות 100שטח","https://t.me/yediotnews25/118548","Число пострадавших в Бейт-Шемеше возросло до 20","The number of injured in Beit Shemesh has risen to 20","מספר הפצועים בבית שמש עלה ל-20","0","0","0101000020E610000000000000000000000000000000000000",33162
"2026-03-01 12:12:19","דרמטי- רגע הנפילה בבית שמש  https://t.me/yediotnews25","Beit Shemesh","31.7459","34.9893","accident","0101000020E610000066F7E461A17E41401E166A4DF3BE3F40","חדשות 100שטח","https://t.me/yediotnews25/118545","Момент падения в Бейт-Шемеше","The moment of the fall in Beit Shemesh","רגע הנפילה בבית שמש","0","0","0101000020E610000000000000000000000000000000000000",33161
"2026-03-01 12:12:13","הוכרז אירוע רב נפגעים בבית שמש  https://t.me/yediotnews25","בית שמש","31.7557","34.9869","accident","0101000020E610000011363CBD527E41405396218E75C13F40","חדשות 100שטח","https://t.me/yediotnews25/118542","Объявлено о происшествии с большим количеством пострадавших в Бейт-Шемеше","A mass casualty event has been declared in Beit Shemesh","הוכרז אירוע רב נפגעים בבית שמש","0","0","0101000020E610000000000000000000000000000000000000",33160
"2026-03-01 12:12:09","מוקד הנפילה בבית שמש שניות אחרי  https://t.me/yediotnews25","Beit Shemesh","31.7467","34.9867","security","0101000020E61000004A7B832F4C7E414057EC2FBB27BF3F40","חדשות 100שטח","https://t.me/yediotnews25/118541","Место падения в Бейт-Шемеше через несколько секунд","The place of the fall in Beit Shemesh seconds later","מקום הנפילה בבית שמש שניות אחרי","0","0","0101000020E610000000000000000000000000000000000000",33159
"2026-03-01 12:12:04","אזעקות בבאר שבע ובנגב  https://t.me/yediotnews25","Beersheba","31.2529","34.7914","security","0101000020E6100000F7065F984C6541408D28ED0DBE403F40","חדשות 100שטח","https://t.me/yediotnews25/118540","Сирены в Беэр-Шеве и Негеве","Sirens in Beersheba and the Negev","אזעקות בבאר שבע ובנגב","0","0","0101000020E610000000000000000000000000000000000000",33158
"2026-03-01 12:11:59","בין הנפגעים בבית שמש- ילדים","Beit Shemesh","31.7465","34.9866","accident","0101000020E6100000E71DA7E8487E4140C976BE9F1ABF3F40","חדשות 100שטח","https://t.me/yediotnews25/118539","Среди пострадавших в Бейт-Шемеше - дети","Among the victims in Beit Shemesh are children","בין הנפגעים בבית שמש- ילדים","0","0","0101000020E610000000000000000000000000000000000000",33157
"2026-03-01 12:11:54","כוחות רבים בדרכם למוקד הנפילה בבית שמש. דיווחים על מספר נפגעים  https://t.me/yediotnews25","בית שמש","31.7463","34.9883","accident","0101000020E61000008351499D807E41403B014D840DBF3F40","חדשות 100שטח","https://t.me/yediotnews25/118538","Много сил направляются к месту падения в Бейт-Шемеше. Сообщения о нескольких пострадавших","Many forces are on their way to the site of the fall in Beit Shemesh. Reports of several casualties","כוחות רבים בדרכם למוקד הנפילה בבית שמש. דיווחים על מספר נפגעים","0","0","0101000020E610000000000000000000000000000000000000",33156
"2026-03-01 12:11:49","תיעוד עשן סמיך מבית שמש   https://t.me/yediotnews25","Bet Shemesh","31.7469","34.9867","general","0101000020E61000004A7B832F4C7E4140E561A1D634BF3F40","חדשות 100שטח","https://t.me/yediotnews25/118537","Запись густого дыма из Бейт-Шемеша","Documentation of thick smoke from Beit Shemesh","תיעוד עשן סמיך מבית שמש","0","0","0101000020E610000000000000000000000000000000000000",33155
"2026-03-01 12:12:31.814931","דוברות מד""א: בהמשך לירי לעבר מדינת ישראל בגזרת בית שמש, מדיווח ראשוני בלבד !!!  חובשים ופרמדיקים של מד""א מעניקים טיפול רפואי למספר פצועים, בניהם ילדה במצב קשה. עדכון בהמשך.  כבאות והצלה ארצי: על פי דיווח ראשוני של מדא- מס׳ נפגעים רב במקום ","Beit Shemesh","31.7468","34.9869","security","0101000020E610000011363CBD527E41401EA7E8482EBF3F40","חדשות ישראל בטלגרם, חדשות 100שטח","https://t.me/c/2335255539/39238","Пресс-служба MDA: В продолжение обстрела Государства Израиль в районе Бейт-Шемеш, только предварительное сообщение!!! Фельдшеры и парамедики MDA оказывают медицинскую помощь нескольким пострадавшим, в том числе девочке в тяжелом состоянии. Обновление позже. Национальная пожарно-спасательная служба: Согласно предварительному отчету MDA, на месте происшествия много пострадавших.","MDA Spokesperson: Following the shooting towards the State of Israel in the Beit Shemesh area, initial report only!!! MDA paramedics and paramedics are providing medical treatment to several injured, including a girl in serious condition. Update later. National Fire and Rescue Service: According to an initial report by MDA, there are many casualties at the scene.","דוברות מד""א: בהמשך לירי לעבר מדינת ישראל בגזרת בית שמש, מדיווח ראשוני בלבד !!! חובשים ופרמדיקים של מד""א מעניקים טיפול רפואי למספר פצועים, בניהם ילדה במצב קשה. עדכון בהמשך. כבאות והצלה ארצי: על פי דיווח ראשוני של מדא- מס׳ נפגעים רב במקום","0","0","0101000020E610000000000000000000000000000000000000",33154
"2026-03-01 12:40:44.0669","Фото с места падения в Бейт-Шемеше.  #интеллиньюз 💻","Beit Shemesh","31.7459","34.9867","accident","0101000020E61000004A7B832F4C7E41401E166A4DF3BE3F40","ИнтеллиНьюз - Израиль и Ближний Восток. Все о безопасности, ИнтеллиНьюз - Израиль и Ближний Восток. Все о безопасности","https://t.me/intellinews_russian/174573","Фото с места падения в Бейт-Шемеше","Photo from the scene of the fall in Beit Shemesh","תמונה מזירת הנפילה בבית שמש","0","0","0101000020E610000000000000000000000000000000000000",33153
"2026-03-01 12:11:25","Биньямин Нетаньяху в эти минуты проводит узкое совещание по вопросам безопасности с участием министра обороны, начальника Генштаба, главы Мосада, Арье Дери и других высокопоставленных лиц.  #интеллиньюз 💻","Benjamin Netanyahu","31.7683","35.2137","politics","0101000020E6100000DE9387855A9B41404D840D4FAFC43F40","ИнтеллиНьюз - Израиль и Ближний Восток. Все о безопасности","https://t.me/intellinews_russian/174572","Биньямин Нетаньяху в эти минуты проводит узкое совещание по вопросам безопасности с участием министра обороны, начальника Генштаба, главы Мосада, Арье Дери и других высокопоставленных лиц.","Benjamin Netanyahu is currently holding a narrow security meeting with the Minister of Defense, the Chief of Staff, the head of the Mossad, Aryeh Deri, and other senior officials.","בנימין נתניהו מקיים כעת פגישת הערכת מצב ביטחונית מצומצמת עם שר הביטחון, הרמטכ""ל, ראש המוסד, אריה דרעי ובכירים נוספים.","0","0","0101000020E610000000000000000000000000000000000000",33152
"2026-03-01 12:11:17","Приблизительно 20 пострадавших в Бейт Шемеше, из них трое в критическом состоянии.  #интеллиньюз","Beit Shemesh","31.7467","34.9892","accident","0101000020E6100000029A081B9E7E414057EC2FBB27BF3F40","ИнтеллиНьюз - Израиль и Ближний Восток. Все о безопасности","https://t.me/intellinews_russian/174568","Приблизительно 20 пострадавших в Бейт Шемеше, из них трое в критическом состоянии.","Approximately 20 injured in Beit Shemesh, three of them in critical condition.","כ-20 נפגעים בבית שמש, שלושה מהם במצב קריטי.","0","0","0101000020E610000000000000000000000000000000000000",33151
"2026-03-01 12:11:07","Заки Хелер, пресс-секретарь МАДА:  Бейт-Шемеш — 10-летняя девочка в тяжелом состоянии, 40-летний мужчина с серьезным ранением. Другие пострадавшие — легкие травмы. ","Beit Shemesh","31.7461","34.9869","accident","0101000020E610000011363CBD527E4140AC8BDB6800BF3F40","ИнтеллиНьюз - Израиль и Ближний Восток. Все о безопасности","https://t.me/intellinews_russian/174560","Заки Хеллер, пресс-секретарь МАДА: Бейт-Шемеш - 10-летняя девочка в тяжелом состоянии, 40-летний мужчина с серьезным ранением. Другие пострадавшие - легкие травмы.","Zaki Heller, MDA spokesman: Beit Shemesh - a 10-year-old girl in serious condition, a 40-year-old man with serious injuries. Other injured people - minor injuries.","זאקי הלר, דובר מד""א: בית שמש - ילדה בת 10 במצב קשה, גבר בן 40 עם פציעה קשה. נפגעים נוספים - פציעות קלות.","0","0","0101000020E610000000000000000000000000000000000000",33150
